-- phpMyAdmin SQL Dump
-- version 5.2.1
-- https://www.phpmyadmin.net/
--
-- Host: 127.0.0.1
-- Generation Time: Nov 29, 2024 at 04:43 PM
-- Server version: 10.4.32-MariaDB
-- PHP Version: 8.2.12

SET SQL_MODE = "NO_AUTO_VALUE_ON_ZERO";
START TRANSACTION;
SET time_zone = "+00:00";


/*!40101 SET @OLD_CHARACTER_SET_CLIENT=@@CHARACTER_SET_CLIENT */;
/*!40101 SET @OLD_CHARACTER_SET_RESULTS=@@CHARACTER_SET_RESULTS */;
/*!40101 SET @OLD_COLLATION_CONNECTION=@@COLLATION_CONNECTION */;
/*!40101 SET NAMES utf8mb4 */;

--
-- Database: `gym_managementdb`
--

-- --------------------------------------------------------

--
-- Table structure for table `announcements`
--

CREATE TABLE `announcements` (
  `id` int(11) NOT NULL,
  `message` text NOT NULL,
  `applied_date` date NOT NULL,
  `applied_time` time NOT NULL,
  `announcement_type` enum('administrative','activity') NOT NULL,
  `is_active` tinyint(1) DEFAULT 1,
  `created_at` timestamp NOT NULL DEFAULT current_timestamp()
) ENGINE=InnoDB DEFAULT CHARSET=utf8mb4 COLLATE=utf8mb4_general_ci;

--
-- Dumping data for table `announcements`
--

INSERT INTO `announcements` (`id`, `message`, `applied_date`, `applied_time`, `announcement_type`, `is_active`, `created_at`) VALUES
(0, 'hehe', '2024-11-28', '18:35:00', 'activity', 1, '2024-11-28 10:35:48'),
(0, 'haha', '2024-11-28', '18:36:00', 'administrative', 1, '2024-11-28 10:36:12');

-- --------------------------------------------------------

--
-- Table structure for table `attendance`
--

CREATE TABLE `attendance` (
  `id` int(11) NOT NULL,
  `user_id` int(11) NOT NULL,
  `date` date NOT NULL,
  `time_in` time DEFAULT NULL,
  `time_out` time DEFAULT NULL,
  `status_id` int(11) DEFAULT NULL,
  `created_at` timestamp NOT NULL DEFAULT current_timestamp()
) ENGINE=InnoDB DEFAULT CHARSET=utf8mb4 COLLATE=utf8mb4_general_ci;

--
-- Dumping data for table `attendance`
--

INSERT INTO `attendance` (`id`, `user_id`, `date`, `time_in`, `time_out`, `status_id`, `created_at`) VALUES
(27, 25, '2024-11-29', '16:41:59', '16:42:00', 2, '2024-11-29 15:41:59');

-- --------------------------------------------------------

--
-- Table structure for table `attendance_history`
--

CREATE TABLE `attendance_history` (
  `id` int(11) NOT NULL,
  `attendance_id` int(11) NOT NULL,
  `time_in` time DEFAULT NULL,
  `time_out` time DEFAULT NULL,
  `status_id` int(11) DEFAULT NULL,
  `created_at` timestamp NOT NULL DEFAULT current_timestamp()
) ENGINE=InnoDB DEFAULT CHARSET=utf8mb4 COLLATE=utf8mb4_general_ci;

--
-- Dumping data for table `attendance_history`
--

INSERT INTO `attendance_history` (`id`, `attendance_id`, `time_in`, `time_out`, `status_id`, `created_at`) VALUES
(19, 27, '16:41:59', NULL, 1, '2024-11-29 15:41:59'),
(20, 27, '16:41:59', '16:42:00', 2, '2024-11-29 15:42:00');

-- --------------------------------------------------------

--
-- Table structure for table `attendance_status`
--

CREATE TABLE `attendance_status` (
  `id` int(11) NOT NULL,
  `status_name` varchar(20) NOT NULL
) ENGINE=InnoDB DEFAULT CHARSET=utf8mb4 COLLATE=utf8mb4_general_ci;

--
-- Dumping data for table `attendance_status`
--

INSERT INTO `attendance_status` (`id`, `status_name`) VALUES
(1, 'checked in'),
(2, 'checked out'),
(3, 'missed');

-- --------------------------------------------------------

--
-- Table structure for table `coach_program_types`
--

CREATE TABLE `coach_program_types` (
  `id` int(11) NOT NULL,
  `coach_id` int(11) NOT NULL,
  `program_id` int(11) NOT NULL,
  `price` decimal(10,2) NOT NULL,
  `description` text DEFAULT NULL,
  `status` enum('active','inactive','pending','') NOT NULL,
  `created_at` timestamp NOT NULL DEFAULT current_timestamp(),
  `updated_at` timestamp NOT NULL DEFAULT current_timestamp() ON UPDATE current_timestamp()
) ENGINE=InnoDB DEFAULT CHARSET=utf8mb4 COLLATE=utf8mb4_general_ci;

--
-- Dumping data for table `coach_program_types`
--

INSERT INTO `coach_program_types` (`id`, `coach_id`, `program_id`, `price`, `description`, `status`, `created_at`, `updated_at`) VALUES
(3, 3, 1, 500.00, 'hello', 'active', '2024-11-26 22:09:12', '2024-11-26 22:09:12');

-- --------------------------------------------------------

--
-- Table structure for table `duration_types`
--

CREATE TABLE `duration_types` (
  `id` int(11) NOT NULL,
  `type_name` varchar(20) NOT NULL
) ENGINE=InnoDB DEFAULT CHARSET=utf8mb4 COLLATE=utf8mb4_general_ci;

--
-- Dumping data for table `duration_types`
--

INSERT INTO `duration_types` (`id`, `type_name`) VALUES
(1, 'days'),
(2, 'months'),
(3, 'year');

-- --------------------------------------------------------

--
-- Table structure for table `memberships`
--

CREATE TABLE `memberships` (
  `id` int(11) NOT NULL,
  `transaction_id` int(11) NOT NULL,
  `membership_plan_id` int(11) NOT NULL,
  `start_date` date NOT NULL,
  `end_date` date NOT NULL,
  `status` enum('active','expiring','expired') NOT NULL,
  `is_paid` tinyint(1) NOT NULL DEFAULT 0,
  `payment_date` datetime DEFAULT NULL,
  `created_at` timestamp NOT NULL DEFAULT current_timestamp(),
  `updated_at` timestamp NOT NULL DEFAULT current_timestamp() ON UPDATE current_timestamp()
) ENGINE=InnoDB DEFAULT CHARSET=utf8mb4 COLLATE=utf8mb4_general_ci;

--
-- Dumping data for table `memberships`
--

INSERT INTO `memberships` (`id`, `transaction_id`, `membership_plan_id`, `start_date`, `end_date`, `status`, `is_paid`, `payment_date`, `created_at`, `updated_at`) VALUES
(51, 28, 11, '2024-11-29', '2024-12-29', 'active', 1, '2024-11-29 23:41:48', '2024-11-29 15:41:48', '2024-11-29 15:41:48');

-- --------------------------------------------------------

--
-- Table structure for table `membership_plans`
--

CREATE TABLE `membership_plans` (
  `id` int(11) NOT NULL,
  `plan_name` varchar(100) NOT NULL,
  `plan_type` enum('standard','special','walk-in') NOT NULL,
  `price` decimal(10,2) NOT NULL,
  `duration` int(11) NOT NULL,
  `duration_type_id` int(11) NOT NULL,
  `description` text DEFAULT NULL,
  `start_date` date DEFAULT NULL,
  `end_date` date DEFAULT NULL,
  `status_id` int(11) NOT NULL,
  `created_at` timestamp NOT NULL DEFAULT current_timestamp(),
  `updated_at` timestamp NOT NULL DEFAULT current_timestamp() ON UPDATE current_timestamp()
) ENGINE=InnoDB DEFAULT CHARSET=utf8mb4 COLLATE=utf8mb4_general_ci;

--
-- Dumping data for table `membership_plans`
--

INSERT INTO `membership_plans` (`id`, `plan_name`, `plan_type`, `price`, `duration`, `duration_type_id`, `description`, `start_date`, `end_date`, `status_id`, `created_at`, `updated_at`) VALUES
(1, 'Regular', 'standard', 500.00, 1, 2, 'fe e  f  fae\r\nfsa\r\n\r\nfaewfaefe\r\nfesaff\r\nfsae\r\nf', '2024-11-25', '2025-11-19', 1, '2024-11-24 20:29:10', '2024-11-27 15:12:56'),
(2, 'Walk-in', 'walk-in', 400.00, 1, 1, 'afa faf\r\nfawfa\r\n\r\nfawf\r\nafafas\r\nfaw\r\n\r\nfawfafwfsa', '2024-11-25', '2025-11-05', 1, '2024-11-24 20:29:10', '2024-11-27 15:13:05'),
(11, 'Special', 'special', 400.00, 1, 2, 'dawd\r\nfawf\r\nf\r\nfa\r\nfawfafawfawf\r\n\r\nfawfaf\r\nfawef', '2024-11-25', '2024-11-28', 1, '2024-11-24 20:31:37', '2024-11-27 15:13:16'),
(16, 'test', 'standard', 1.00, 1, 1, 'test', '2024-11-28', '2024-11-29', 1, '2024-11-28 12:23:23', '2024-11-28 12:23:23'),
(17, 'test', 'standard', 1.00, 1, 1, 'test', '2024-11-29', '2024-11-30', 1, '2024-11-29 09:48:28', '2024-11-29 09:48:28'),
(18, 'test', 'standard', 1.00, 1, 1, 'test', '2024-11-29', '2024-11-30', 1, '2024-11-29 09:48:29', '2024-11-29 09:48:29');

-- --------------------------------------------------------

--
-- Table structure for table `personal_details`
--

CREATE TABLE `personal_details` (
  `id` int(11) NOT NULL,
  `user_id` int(11) NOT NULL,
  `first_name` varchar(50) NOT NULL,
  `middle_name` varchar(50) DEFAULT NULL,
  `last_name` varchar(50) NOT NULL,
  `sex` enum('Male','Female') NOT NULL,
  `birthdate` date NOT NULL,
  `phone_number` varchar(20) DEFAULT NULL,
  `created_at` timestamp NOT NULL DEFAULT current_timestamp(),
  `updated_at` timestamp NOT NULL DEFAULT current_timestamp() ON UPDATE current_timestamp()
) ENGINE=InnoDB DEFAULT CHARSET=utf8mb4 COLLATE=utf8mb4_general_ci;

--
-- Dumping data for table `personal_details`
--

INSERT INTO `personal_details` (`id`, `user_id`, `first_name`, `middle_name`, `last_name`, `sex`, `birthdate`, `phone_number`, `created_at`, `updated_at`) VALUES
(22, 25, 'member', NULL, 'member', 'Male', '2024-11-29', '09562307647', '2024-11-29 15:41:48', '2024-11-29 15:41:48');

-- --------------------------------------------------------

--
-- Table structure for table `profile_photos`
--

CREATE TABLE `profile_photos` (
  `id` int(11) NOT NULL,
  `user_id` int(11) NOT NULL,
  `photo_path` varchar(255) NOT NULL,
  `is_active` tinyint(1) DEFAULT 1,
  `uploaded_at` timestamp NOT NULL DEFAULT current_timestamp()
) ENGINE=InnoDB DEFAULT CHARSET=utf8mb4 COLLATE=utf8mb4_general_ci;

--
-- Dumping data for table `profile_photos`
--

INSERT INTO `profile_photos` (`id`, `user_id`, `photo_path`, `is_active`, `uploaded_at`) VALUES
(12, 25, 'uploads/profile_25_6749e0bc0cf77.jpg', 1, '2024-11-29 15:41:48');

-- --------------------------------------------------------

--
-- Table structure for table `programs`
--

CREATE TABLE `programs` (
  `id` int(11) NOT NULL,
  `program_name` varchar(100) NOT NULL,
  `program_type_id` int(11) NOT NULL,
  `duration` int(11) NOT NULL,
  `duration_type_id` int(11) NOT NULL,
  `price` decimal(10,2) NOT NULL,
  `description` text DEFAULT NULL,
  `status_id` int(11) NOT NULL,
  `created_at` timestamp NOT NULL DEFAULT current_timestamp(),
  `updated_at` timestamp NOT NULL DEFAULT current_timestamp() ON UPDATE current_timestamp()
) ENGINE=InnoDB DEFAULT CHARSET=utf8mb4 COLLATE=utf8mb4_general_ci;

--
-- Dumping data for table `programs`
--

INSERT INTO `programs` (`id`, `program_name`, `program_type_id`, `duration`, `duration_type_id`, `price`, `description`, `status_id`, `created_at`, `updated_at`) VALUES
(1, 'Zumba', 2, 1, 2, 200.00, 'fse cuma mraw  jrf\r\n\r\ncawfni\r\n\r\nfawfa feaf egsgse', 1, '2024-11-24 20:32:19', '2024-11-27 15:12:40');

-- --------------------------------------------------------

--
-- Table structure for table `program_subscriptions`
--

CREATE TABLE `program_subscriptions` (
  `id` int(11) NOT NULL,
  `transaction_id` int(11) NOT NULL,
  `program_id` int(11) NOT NULL,
  `coach_id` int(11) NOT NULL,
  `start_date` date NOT NULL,
  `end_date` date NOT NULL,
  `status` enum('active','expiring','expired') NOT NULL,
  `is_paid` tinyint(1) NOT NULL DEFAULT 0,
  `payment_date` datetime DEFAULT NULL,
  `created_at` timestamp NOT NULL DEFAULT current_timestamp()
) ENGINE=InnoDB DEFAULT CHARSET=utf8mb4 COLLATE=utf8mb4_general_ci;

-- --------------------------------------------------------

--
-- Table structure for table `program_types`
--

CREATE TABLE `program_types` (
  `id` int(11) NOT NULL,
  `type_name` varchar(20) NOT NULL
) ENGINE=InnoDB DEFAULT CHARSET=utf8mb4 COLLATE=utf8mb4_general_ci;

--
-- Dumping data for table `program_types`
--

INSERT INTO `program_types` (`id`, `type_name`) VALUES
(2, 'group'),
(1, 'personal');

-- --------------------------------------------------------

--
-- Table structure for table `registration`
--

CREATE TABLE `registration` (
  `id` int(11) NOT NULL,
  `membership_fee` decimal(10,2) NOT NULL
) ENGINE=InnoDB DEFAULT CHARSET=utf8mb4 COLLATE=utf8mb4_general_ci;

--
-- Dumping data for table `registration`
--

INSERT INTO `registration` (`id`, `membership_fee`) VALUES
(1, 150.00);

-- --------------------------------------------------------

--
-- Table structure for table `rental_services`
--

CREATE TABLE `rental_services` (
  `id` int(11) NOT NULL,
  `service_name` varchar(100) NOT NULL,
  `price` decimal(10,2) NOT NULL,
  `total_slots` int(11) NOT NULL,
  `available_slots` int(11) NOT NULL,
  `duration` int(11) NOT NULL,
  `duration_type_id` int(11) NOT NULL,
  `description` text DEFAULT NULL,
  `status_id` int(11) NOT NULL,
  `created_at` timestamp NOT NULL DEFAULT current_timestamp(),
  `updated_at` timestamp NOT NULL DEFAULT current_timestamp() ON UPDATE current_timestamp()
) ENGINE=InnoDB DEFAULT CHARSET=utf8mb4 COLLATE=utf8mb4_general_ci;

--
-- Dumping data for table `rental_services`
--

INSERT INTO `rental_services` (`id`, `service_name`, `price`, `total_slots`, `available_slots`, `duration`, `duration_type_id`, `description`, `status_id`, `created_at`, `updated_at`) VALUES
(1, 'Locker', 150.00, 100, 85, 1, 2, 'grrrrdgr\r\n\r\ngseeeedg\r\n\r\nsgesesdfgr\r\n\r\ngserghrrrrrrrrr\r\ngsrdsgsdfg', 1, '2024-11-24 20:33:13', '2024-11-27 17:32:04'),
(2, 'test', 1.00, 10, 10, 1, 1, 'test', 1, '2024-11-28 12:24:02', '2024-11-28 12:24:02'),
(3, 'room', 1.00, 32, 32, 1, 1, 'fasf', 1, '2024-11-29 09:49:41', '2024-11-29 09:49:41');

-- --------------------------------------------------------

--
-- Table structure for table `rental_subscriptions`
--

CREATE TABLE `rental_subscriptions` (
  `id` int(11) NOT NULL,
  `transaction_id` int(11) NOT NULL,
  `rental_service_id` int(11) NOT NULL,
  `start_date` date NOT NULL,
  `end_date` date NOT NULL,
  `status` enum('active','expiring','expired') NOT NULL,
  `is_paid` tinyint(1) NOT NULL DEFAULT 0,
  `payment_date` datetime DEFAULT NULL,
  `created_at` timestamp NOT NULL DEFAULT current_timestamp()
) ENGINE=InnoDB DEFAULT CHARSET=utf8mb4 COLLATE=utf8mb4_general_ci;

-- --------------------------------------------------------

--
-- Table structure for table `roles`
--

CREATE TABLE `roles` (
  `id` int(11) NOT NULL,
  `role_name` varchar(50) NOT NULL
) ENGINE=InnoDB DEFAULT CHARSET=utf8mb4 COLLATE=utf8mb4_general_ci;

--
-- Dumping data for table `roles`
--

INSERT INTO `roles` (`id`, `role_name`) VALUES
(1, 'admin'),
(4, 'coach'),
(3, 'member'),
(2, 'staff'),
(5, 'user');

-- --------------------------------------------------------

--
-- Table structure for table `status_types`
--

CREATE TABLE `status_types` (
  `id` int(11) NOT NULL,
  `status_name` varchar(20) NOT NULL
) ENGINE=InnoDB DEFAULT CHARSET=utf8mb4 COLLATE=utf8mb4_general_ci;

--
-- Dumping data for table `status_types`
--

INSERT INTO `status_types` (`id`, `status_name`) VALUES
(1, 'active'),
(2, 'inactive');

-- --------------------------------------------------------

--
-- Table structure for table `transactions`
--

CREATE TABLE `transactions` (
  `id` int(11) NOT NULL,
  `staff_id` int(11) DEFAULT NULL,
  `user_id` int(11) NOT NULL,
  `created_at` timestamp NOT NULL DEFAULT current_timestamp()
) ENGINE=InnoDB DEFAULT CHARSET=utf8mb4 COLLATE=utf8mb4_general_ci;

--
-- Dumping data for table `transactions`
--

INSERT INTO `transactions` (`id`, `staff_id`, `user_id`, `created_at`) VALUES
(28, 4, 25, '2024-11-29 15:41:48');

-- --------------------------------------------------------

--
-- Table structure for table `users`
--

CREATE TABLE `users` (
  `id` int(11) NOT NULL,
  `username` varchar(50) NOT NULL,
  `password` varchar(255) NOT NULL,
  `role_id` int(11) NOT NULL,
  `is_active` tinyint(1) DEFAULT 1,
  `created_at` timestamp NOT NULL DEFAULT current_timestamp(),
  `updated_at` timestamp NOT NULL DEFAULT current_timestamp() ON UPDATE current_timestamp()
) ENGINE=InnoDB DEFAULT CHARSET=utf8mb4 COLLATE=utf8mb4_general_ci;

--
-- Dumping data for table `users`
--

INSERT INTO `users` (`id`, `username`, `password`, `role_id`, `is_active`, `created_at`, `updated_at`) VALUES
(3, 'coach', '$2y$10$dU1Y7grfzBoOg1okhGigReKOr.m223CXmeUIVD5J2.3mqOg1DfONi', 4, 1, '2024-11-24 20:34:15', '2024-11-24 20:35:13'),
(4, 'admin1', '$2y$10$UkLU4rUVAqJw78.JBsvd7.O7SqRFNzqZF28UnnRqRxU4V8PT.I3t.', 1, 1, '2024-11-28 10:33:15', '2024-11-28 10:33:15'),
(25, 'member', '$2y$10$cakrmfMKd8R6Onu.Anpb3O0yKIp.q/SoA/I1tuHV0VvBGSLOT.3di', 3, 1, '2024-11-29 15:41:48', '2024-11-29 15:41:48');

--
-- Indexes for dumped tables
--

--
-- Indexes for table `attendance`
--
ALTER TABLE `attendance`
  ADD PRIMARY KEY (`id`),
  ADD KEY `user_id` (`user_id`),
  ADD KEY `status_id` (`status_id`);

--
-- Indexes for table `attendance_history`
--
ALTER TABLE `attendance_history`
  ADD PRIMARY KEY (`id`),
  ADD KEY `attendance_id` (`attendance_id`),
  ADD KEY `status_id` (`status_id`);

--
-- Indexes for table `attendance_status`
--
ALTER TABLE `attendance_status`
  ADD PRIMARY KEY (`id`),
  ADD UNIQUE KEY `status_name` (`status_name`);

--
-- Indexes for table `coach_program_types`
--
ALTER TABLE `coach_program_types`
  ADD PRIMARY KEY (`id`),
  ADD KEY `program_id` (`program_id`),
  ADD KEY `coach_program_types_ibfk_1` (`coach_id`);

--
-- Indexes for table `duration_types`
--
ALTER TABLE `duration_types`
  ADD PRIMARY KEY (`id`),
  ADD UNIQUE KEY `type_name` (`type_name`);

--
-- Indexes for table `memberships`
--
ALTER TABLE `memberships`
  ADD PRIMARY KEY (`id`),
  ADD KEY `memberships_ibfk_1` (`membership_plan_id`),
  ADD KEY `transaction_id` (`transaction_id`);

--
-- Indexes for table `membership_plans`
--
ALTER TABLE `membership_plans`
  ADD PRIMARY KEY (`id`),
  ADD KEY `duration_type_id` (`duration_type_id`),
  ADD KEY `status_id` (`status_id`);

--
-- Indexes for table `personal_details`
--
ALTER TABLE `personal_details`
  ADD PRIMARY KEY (`id`),
  ADD UNIQUE KEY `user_id` (`user_id`);

--
-- Indexes for table `profile_photos`
--
ALTER TABLE `profile_photos`
  ADD PRIMARY KEY (`id`),
  ADD KEY `user_id` (`user_id`);

--
-- Indexes for table `programs`
--
ALTER TABLE `programs`
  ADD PRIMARY KEY (`id`),
  ADD KEY `program_type_id` (`program_type_id`),
  ADD KEY `duration_type_id` (`duration_type_id`),
  ADD KEY `status_id` (`status_id`);

--
-- Indexes for table `program_subscriptions`
--
ALTER TABLE `program_subscriptions`
  ADD PRIMARY KEY (`id`),
  ADD KEY `program_id` (`program_id`),
  ADD KEY `coach_id` (`coach_id`),
  ADD KEY `transaction_id` (`transaction_id`);

--
-- Indexes for table `program_types`
--
ALTER TABLE `program_types`
  ADD PRIMARY KEY (`id`),
  ADD UNIQUE KEY `type_name` (`type_name`);

--
-- Indexes for table `registration`
--
ALTER TABLE `registration`
  ADD PRIMARY KEY (`id`);

--
-- Indexes for table `rental_services`
--
ALTER TABLE `rental_services`
  ADD PRIMARY KEY (`id`),
  ADD KEY `duration_type_id` (`duration_type_id`),
  ADD KEY `status_id` (`status_id`);

--
-- Indexes for table `rental_subscriptions`
--
ALTER TABLE `rental_subscriptions`
  ADD PRIMARY KEY (`id`),
  ADD KEY `rental_service_id` (`rental_service_id`),
  ADD KEY `transaction_id` (`transaction_id`);

--
-- Indexes for table `roles`
--
ALTER TABLE `roles`
  ADD PRIMARY KEY (`id`),
  ADD UNIQUE KEY `role_name` (`role_name`);

--
-- Indexes for table `status_types`
--
ALTER TABLE `status_types`
  ADD PRIMARY KEY (`id`),
  ADD UNIQUE KEY `status_name` (`status_name`);

--
-- Indexes for table `transactions`
--
ALTER TABLE `transactions`
  ADD PRIMARY KEY (`id`),
  ADD KEY `staff_id` (`staff_id`),
  ADD KEY `user_id` (`user_id`);

--
-- Indexes for table `users`
--
ALTER TABLE `users`
  ADD PRIMARY KEY (`id`),
  ADD UNIQUE KEY `username` (`username`),
  ADD KEY `role_id` (`role_id`);

--
-- AUTO_INCREMENT for dumped tables
--

--
-- AUTO_INCREMENT for table `attendance`
--
ALTER TABLE `attendance`
  MODIFY `id` int(11) NOT NULL AUTO_INCREMENT, AUTO_INCREMENT=28;

--
-- AUTO_INCREMENT for table `attendance_history`
--
ALTER TABLE `attendance_history`
  MODIFY `id` int(11) NOT NULL AUTO_INCREMENT, AUTO_INCREMENT=21;

--
-- AUTO_INCREMENT for table `attendance_status`
--
ALTER TABLE `attendance_status`
  MODIFY `id` int(11) NOT NULL AUTO_INCREMENT, AUTO_INCREMENT=4;

--
-- AUTO_INCREMENT for table `coach_program_types`
--
ALTER TABLE `coach_program_types`
  MODIFY `id` int(11) NOT NULL AUTO_INCREMENT, AUTO_INCREMENT=4;

--
-- AUTO_INCREMENT for table `duration_types`
--
ALTER TABLE `duration_types`
  MODIFY `id` int(11) NOT NULL AUTO_INCREMENT, AUTO_INCREMENT=4;

--
-- AUTO_INCREMENT for table `memberships`
--
ALTER TABLE `memberships`
  MODIFY `id` int(11) NOT NULL AUTO_INCREMENT, AUTO_INCREMENT=52;

--
-- AUTO_INCREMENT for table `membership_plans`
--
ALTER TABLE `membership_plans`
  MODIFY `id` int(11) NOT NULL AUTO_INCREMENT, AUTO_INCREMENT=19;

--
-- AUTO_INCREMENT for table `personal_details`
--
ALTER TABLE `personal_details`
  MODIFY `id` int(11) NOT NULL AUTO_INCREMENT, AUTO_INCREMENT=23;

--
-- AUTO_INCREMENT for table `profile_photos`
--
ALTER TABLE `profile_photos`
  MODIFY `id` int(11) NOT NULL AUTO_INCREMENT, AUTO_INCREMENT=13;

--
-- AUTO_INCREMENT for table `programs`
--
ALTER TABLE `programs`
  MODIFY `id` int(11) NOT NULL AUTO_INCREMENT, AUTO_INCREMENT=2;

--
-- AUTO_INCREMENT for table `program_subscriptions`
--
ALTER TABLE `program_subscriptions`
  MODIFY `id` int(11) NOT NULL AUTO_INCREMENT, AUTO_INCREMENT=27;

--
-- AUTO_INCREMENT for table `program_types`
--
ALTER TABLE `program_types`
  MODIFY `id` int(11) NOT NULL AUTO_INCREMENT, AUTO_INCREMENT=3;

--
-- AUTO_INCREMENT for table `registration`
--
ALTER TABLE `registration`
  MODIFY `id` int(11) NOT NULL AUTO_INCREMENT, AUTO_INCREMENT=2;

--
-- AUTO_INCREMENT for table `rental_services`
--
ALTER TABLE `rental_services`
  MODIFY `id` int(11) NOT NULL AUTO_INCREMENT, AUTO_INCREMENT=4;

--
-- AUTO_INCREMENT for table `rental_subscriptions`
--
ALTER TABLE `rental_subscriptions`
  MODIFY `id` int(11) NOT NULL AUTO_INCREMENT, AUTO_INCREMENT=23;

--
-- AUTO_INCREMENT for table `roles`
--
ALTER TABLE `roles`
  MODIFY `id` int(11) NOT NULL AUTO_INCREMENT, AUTO_INCREMENT=6;

--
-- AUTO_INCREMENT for table `status_types`
--
ALTER TABLE `status_types`
  MODIFY `id` int(11) NOT NULL AUTO_INCREMENT, AUTO_INCREMENT=3;

--
-- AUTO_INCREMENT for table `transactions`
--
ALTER TABLE `transactions`
  MODIFY `id` int(11) NOT NULL AUTO_INCREMENT, AUTO_INCREMENT=29;

--
-- AUTO_INCREMENT for table `users`
--
ALTER TABLE `users`
  MODIFY `id` int(11) NOT NULL AUTO_INCREMENT, AUTO_INCREMENT=26;

--
-- Constraints for dumped tables
--

--
-- Constraints for table `attendance`
--
ALTER TABLE `attendance`
  ADD CONSTRAINT `attendance_ibfk_1` FOREIGN KEY (`user_id`) REFERENCES `users` (`id`) ON DELETE CASCADE,
  ADD CONSTRAINT `attendance_ibfk_2` FOREIGN KEY (`status_id`) REFERENCES `attendance_status` (`id`);

--
-- Constraints for table `attendance_history`
--
ALTER TABLE `attendance_history`
  ADD CONSTRAINT `attendance_history_ibfk_1` FOREIGN KEY (`attendance_id`) REFERENCES `attendance` (`id`) ON DELETE CASCADE,
  ADD CONSTRAINT `attendance_history_ibfk_2` FOREIGN KEY (`status_id`) REFERENCES `attendance_status` (`id`);

--
-- Constraints for table `coach_program_types`
--
ALTER TABLE `coach_program_types`
  ADD CONSTRAINT `coach_program_types_ibfk_1` FOREIGN KEY (`coach_id`) REFERENCES `users` (`id`),
  ADD CONSTRAINT `coach_program_types_ibfk_2` FOREIGN KEY (`program_id`) REFERENCES `programs` (`id`);

--
-- Constraints for table `memberships`
--
ALTER TABLE `memberships`
  ADD CONSTRAINT `memberships_ibfk_1` FOREIGN KEY (`membership_plan_id`) REFERENCES `membership_plans` (`id`),
  ADD CONSTRAINT `memberships_ibfk_2` FOREIGN KEY (`transaction_id`) REFERENCES `transactions` (`id`) ON DELETE CASCADE;

--
-- Constraints for table `membership_plans`
--
ALTER TABLE `membership_plans`
  ADD CONSTRAINT `membership_plans_ibfk_1` FOREIGN KEY (`duration_type_id`) REFERENCES `duration_types` (`id`),
  ADD CONSTRAINT `membership_plans_ibfk_2` FOREIGN KEY (`status_id`) REFERENCES `status_types` (`id`);

--
-- Constraints for table `personal_details`
--
ALTER TABLE `personal_details`
  ADD CONSTRAINT `personal_details_ibfk_1` FOREIGN KEY (`user_id`) REFERENCES `users` (`id`) ON DELETE CASCADE;

--
-- Constraints for table `profile_photos`
--
ALTER TABLE `profile_photos`
  ADD CONSTRAINT `profile_photos_ibfk_1` FOREIGN KEY (`user_id`) REFERENCES `users` (`id`) ON DELETE CASCADE;

--
-- Constraints for table `programs`
--
ALTER TABLE `programs`
  ADD CONSTRAINT `programs_ibfk_1` FOREIGN KEY (`program_type_id`) REFERENCES `program_types` (`id`),
  ADD CONSTRAINT `programs_ibfk_2` FOREIGN KEY (`duration_type_id`) REFERENCES `duration_types` (`id`),
  ADD CONSTRAINT `programs_ibfk_3` FOREIGN KEY (`status_id`) REFERENCES `status_types` (`id`);

--
-- Constraints for table `program_subscriptions`
--
ALTER TABLE `program_subscriptions`
  ADD CONSTRAINT `program_subscriptions_ibfk_2` FOREIGN KEY (`program_id`) REFERENCES `programs` (`id`),
  ADD CONSTRAINT `program_subscriptions_ibfk_3` FOREIGN KEY (`coach_id`) REFERENCES `users` (`id`),
  ADD CONSTRAINT `program_subscriptions_ibfk_4` FOREIGN KEY (`transaction_id`) REFERENCES `transactions` (`id`);

--
-- Constraints for table `rental_services`
--
ALTER TABLE `rental_services`
  ADD CONSTRAINT `rental_services_ibfk_1` FOREIGN KEY (`duration_type_id`) REFERENCES `duration_types` (`id`),
  ADD CONSTRAINT `rental_services_ibfk_2` FOREIGN KEY (`status_id`) REFERENCES `status_types` (`id`);

--
-- Constraints for table `rental_subscriptions`
--
ALTER TABLE `rental_subscriptions`
  ADD CONSTRAINT `rental_subscriptions_ibfk_1` FOREIGN KEY (`rental_service_id`) REFERENCES `rental_services` (`id`),
  ADD CONSTRAINT `rental_subscriptions_ibfk_2` FOREIGN KEY (`transaction_id`) REFERENCES `transactions` (`id`);

--
-- Constraints for table `transactions`
--
ALTER TABLE `transactions`
  ADD CONSTRAINT `transactions_ibfk_1` FOREIGN KEY (`staff_id`) REFERENCES `users` (`id`),
  ADD CONSTRAINT `transactions_ibfk_2` FOREIGN KEY (`user_id`) REFERENCES `users` (`id`) ON DELETE CASCADE;

--
-- Constraints for table `users`
--
ALTER TABLE `users`
  ADD CONSTRAINT `users_ibfk_1` FOREIGN KEY (`role_id`) REFERENCES `roles` (`id`);
COMMIT;

/*!40101 SET CHARACTER_SET_CLIENT=@OLD_CHARACTER_SET_CLIENT */;
/*!40101 SET CHARACTER_SET_RESULTS=@OLD_CHARACTER_SET_RESULTS */;
/*!40101 SET COLLATION_CONNECTION=@OLD_COLLATION_CONNECTION */;
